رقم الاكتتاب,الاسم,الشعبة,الدرجة
2119,لين عرفه السيد,شعبة اولى أدبي إناث,393
2114,شهد الصعيدي,شعبة اولى أدبي إناث,379
2231,مروة الحارس,شعبة ثانية إناث أدبي,372
2124,مودة اللحام,شعبة اولى أدبي إناث,362
2108,سارة حبيب الخولي,شعبة اولى أدبي إناث,355
2116,غزل المحاميد,شعبة اولى أدبي إناث,355
2118,لين الاشمر,شعبة اولى أدبي إناث,348
2222,سيدرة كور,شعبة ثانية إناث أدبي,334
2112,شام باكير,شعبة اولى أدبي إناث,325
2107,ريم المصري,شعبة اولى أدبي إناث,324
2117,فاطمة البتول المحروس,شعبة اولى أدبي إناث,324
2326,كريم مسالمة,شعبة ثالثة ذكور أدبي,308
2232,ملك مؤذن,شعبة ثانية إناث أدبي,297
2214,زلفى الرجال,شعبة ثانية إناث أدبي,292
2122,ماسة سكري,شعبة اولى أدبي إناث,286
2121,ماسة الجاجة,شعبة اولى أدبي إناث,283
2126,يمامه منصور ,شعبة اولى أدبي إناث,276
2225,شهد مصطفى ,شعبة ثانية إناث أدبي,262
2321,عمر الساطي,شعبة ثالثة ذكور أدبي,262
2110,سدرة القلم,شعبة اولى أدبي إناث,248
2115,شهد قيسر,شعبة اولى أدبي إناث,245
2101,اميرة حامدة,شعبة اولى أدبي إناث,240
2320,علاء شعبان,شعبة ثالثة ذكور أدبي,238
2315,سارية سويكي,شعبة ثالثة ذكور أدبي,235
2322,عمر جونة,شعبة ثالثة ذكور أدبي,234
2230,مرح الحموي,شعبة ثانية إناث أدبي,231
2324,عمر كرزون,شعبة ثالثة ذكور أدبي,225
2220,سيدرا أبو زيد,شعبة ثانية إناث أدبي,214
2327,مازن ناصر الدين,شعبة ثالثة ذكور أدبي,214
2219,سمر مهايني,شعبة ثانية إناث أدبي,213
2316,سليم رحمون,شعبة ثالثة ذكور أدبي,213
2205,بتول قديمي,شعبة ثانية إناث أدبي,206
2227,غفران الدقاق,شعبة ثانية إناث أدبي,192
2125,مؤمنة الرفاعي,شعبة اولى أدبي إناث,190
2333,مصطفى حزيرين ,شعبة ثالثة ذكور أدبي,190
2209,دانا شنار الرفاعي,شعبة ثانية إناث أدبي,186
2223,شام الديبوس,شعبة ثانية إناث أدبي,185
2229,فاطمة السخني,شعبة ثانية إناث أدبي,185
2202,الاء العلي المحمد,شعبة ثانية إناث أدبي,179
2206,جودي الشويكي,شعبة ثانية إناث أدبي,176
2311,حمزة ادريس,شعبة ثالثة ذكور أدبي,171
2213,ريتاج سالمة ,شعبة ثانية إناث أدبي,168
2221,سيدرا حسين,شعبة ثانية إناث أدبي,168
2226,غادة عمارة ,شعبة ثانية إناث أدبي,168
2334,مؤمن بالله مسالمة,شعبة ثالثة ذكور أدبي,166
2224,شهد الزيات ,شعبة ثانية إناث أدبي,165
2104,جودي عاشور,شعبة اولى أدبي إناث,164
2215,سارة العسعس,شعبة ثانية إناث أدبي,164
2325,عمرو زين الدين,شعبة ثالثة ذكور أدبي,158
2111,سلمى ناعورة,شعبة اولى أدبي إناث,156
2306,اغيد العلبي,شعبة ثالثة ذكور أدبي,154
2201,افنان عبد الوهاب ,شعبة ثانية إناث أدبي,150
2204,آية الشربجي,شعبة ثانية إناث أدبي,147
2313,حمزة يوزباشي,شعبة ثالثة ذكور أدبي,135
2210,راما يونس ,شعبة ثانية إناث أدبي,134
2216,سدرة رمضان ,شعبة ثانية إناث أدبي,133
2218,سدرة ناعسة,شعبة ثانية إناث أدبي,130
2335,نور الدين اشمر,شعبة ثالثة ذكور أدبي,130
2228,غنى شيباني,شعبة ثانية إناث أدبي,128
2328,محمد العايد,شعبة ثالثة ذكور أدبي,128
2329,محمد حلواني,شعبة ثالثة ذكور أدبي,128
2102,اية باكير,شعبة اولى أدبي إناث,127
2212,رؤى المزرزع,شعبة ثانية إناث أدبي,127
2105,راما العبدلله,شعبة اولى أدبي إناث,124
2336,وائل مدور,شعبة ثالثة ذكور أدبي,123
2203,آية البيات,شعبة ثانية إناث أدبي,120
2309,إبراهيم صادق,شعبة ثالثة ذكور أدبي,117
2318,عبدالرحمن التقي,شعبة ثالثة ذكور أدبي,117
2332,محمود كيوان,شعبة ثالثة ذكور أدبي,117
2123,مريم خرتلك,شعبة اولى أدبي إناث,116
2233,هالة الحمصي ,شعبة ثانية إناث أدبي,110
2211,رؤى العطار ,شعبة ثانية إناث أدبي,106
2217,سدرة عجلوني,شعبة ثانية إناث أدبي,103
2323,عمر علاوي,شعبة ثالثة ذكور أدبي,99
2331,محمد نادر حاطوم ,شعبة ثالثة ذكور أدبي,99
2109,سبدرا إسماعيل,شعبة اولى أدبي إناث,96
2317,عبد الكريم قطب,شعبة ثالثة ذكور أدبي,96
2303,احمد النابلسي,شعبة ثالثة ذكور أدبي,93
2310,حسين الشبلي,شعبة ثالثة ذكور أدبي,93
2120,ماريا حاحي,شعبة اولى أدبي إناث,89
2207,جودي مغربي,شعبة ثانية إناث أدبي,82
2301, محمد أسامة سيف الدين الزند,شعبة ثالثة ذكور أدبي,75
2304,احمد ببيلي ,شعبة ثالثة ذكور أدبي,62
2302,ابي الحموي ,شعبة ثالثة ذكور أدبي,55
2103,جودي ذو الغنى,شعبة اولى أدبي إناث,غياب
2106,روان قناة,شعبة اولى أدبي إناث,غياب
2113,شام قبح,شعبة اولى أدبي إناث,غياب
2208,حلا مغربي,شعبة ثانية إناث أدبي,غياب
2305,احمد عجاج,شعبة ثالثة ذكور أدبي,غياب
2307,انس طاطيش,شعبة ثالثة ذكور أدبي,غياب
2308,ايهم يوزباشي ,شعبة ثالثة ذكور أدبي,غياب
2312,حمزة الحموي,شعبة ثالثة ذكور أدبي,غياب
2314,زيد الغوراني,شعبة ثالثة ذكور أدبي,غياب
2319,عبدالكريم المنجد,شعبة ثالثة ذكور أدبي,غياب
2330,محمد قناة,شعبة ثالثة ذكور أدبي,غياب
